Metric,Value
Accuracy,0.6831501831501832
F1 Score,0.44551282051282054
Precision,0.396011396011396
Recall,0.5091575091575091
Specificity,0.7411477411477412
Sensitivity,0.5091575091575091
