Metric,Value
Accuracy,0.7450980392156863
F1 Score,0.44086021505376344
Precision,0.4880952380952381
Recall,0.4019607843137255
Specificity,0.8594771241830066
Sensitivity,0.4019607843137255
