Metric,Value
Accuracy,0.6913978494623656
F1 Score,0.4248496993987976
Precision,0.3977485928705441
Recall,0.4559139784946237
Specificity,0.7698924731182796
Sensitivity,0.4559139784946237
