Metric,Value
Accuracy,0.7527472527472527
F1 Score,0.03571428571428571
Precision,0.7142857142857143
Recall,0.018315018315018316
Specificity,0.9975579975579976
Sensitivity,0.018315018315018316
