{"owner_or_rent.0.0": 5.007303714752197, "freq_work_not_home.0.0": 10.46849250793457, "Job involves shift work.0.0": 1.961318016052246, "moderate_phys_act.0.0": 8.739072799682617, "vigorous_phys_act.0.0": 9.361529350280762, "friend_family visits.0.0": 8.36345100402832, "time_watch television.0.0": 10.313088417053223, "time_watch computer.0.0": 8.427552223205566, "weekly_usage_phone.0.0": 7.190943717956543, "morning_evening person.0.0": 8.261418342590332, "Sleeplessness / insomnia.0.0": 12.657815933227539, "current_smok.0.0": 12.754515647888184, "past_smoke.0.0": 11.227958679199219, "smokers_in_household.0.0": 8.816696166992188, "fresh_fruits.0.0": 8.463006019592285, "water_intake.0.0": 8.535167694091797, "Alcohol intake frequency.0.0": 5.054398536682129, "mood swing.0.0": 21.302934646606445, "Irritability.0.0": 13.141593933105469, "Sensitivity / hurt feelings.0.0": 12.403444290161133, "Nervous feelings.0.0": 11.931108474731445, "Worrier / anxious feelings.0.0": 16.805953979492188, "Tense / 'highly strung'.0.0": 13.068144798278809, "Worry too long after embarrassment.0.0": 6.529114246368408, "Suffer from 'nerves'.0.0": 16.765682220458984, "Loneliness, isolation.0.0": 26.166400909423828, "Guilty feelings.0.0": 6.823980331420898, "Seen doctor (GP) for nerves, anxiety, tension or depression.0.0": 168.15475463867188, "Seen a psychiatrist for nerves, anxiety, tension or depression.0.0": 86.08509063720703, "Long-standing illness, disability or infirmity.0.0": 51.555816650390625, "computer games.0.0": 7.013673782348633, "cancer by doctor.0.0": 8.494343757629395, "night_shift_work.0.0": 11.171146392822266, "Current employment status.0.0": 13.013179779052734, "Blood clot, DVT, bronchitis, emphysema, asthma, rhinitis, eczema, allergy diagnosed by doctor.0.0": 14.461896896362305, "Illnesses of father.0.0": 5.177361011505127, "Illnesses of mother.0.0": 6.366672039031982, "Illnesses of siblings.0.0": 7.779359340667725, "Smoking status.0.0": 14.198225021362305, "Alcohol drinker status.0.0": 15.299345970153809, "Forced vital capacity (FVC), Best measure.0.0": 9.189653396606445, "Forced expiratory volume in 1-second (FEV1), predicted.0.0": 8.820185661315918, "Pack years of smoking.0.0": 13.127506256103516, "Body mass index (BMI).0.0": 8.4945068359375, "Weight.0.0": 9.515461921691895, "Total Cholesterol.0.0": 10.133742332458496, "Total Cholesterol Minus HDL-C.0.0": 9.674969673156738, "Remnant Cholesterol (Non-HDL, Non-LDL -Cholesterol).0.0": 10.153037071228027, "VLDL Cholesterol.0.0": 7.876513957977295, "Clinical LDL Cholesterol.0.0": 10.30123519897461, "LDL Cholesterol.0.0": 9.118084907531738, "HDL Cholesterol.0.0": 7.833933353424072, "Total Triglycerides.0.0": 9.903755187988281, "Triglycerides in VLDL.0.0": 9.791318893432617, "Triglycerides in LDL.0.0": 9.882360458374023, "Triglycerides in HDL.0.0": 9.906935691833496, "Total Phospholipids in Lipoprotein Particles.0.0": 8.894454002380371, "Phospholipids in VLDL.0.0": 9.673929214477539, "Phospholipids in LDL.0.0": 8.505202293395996, "Phospholipids in HDL.0.0": 8.367425918579102, "Total Esterified Cholesterol.0.0": 8.818595886230469, "Cholesteryl Esters in VLDL.0.0": 7.827367305755615, "Cholesteryl Esters in LDL.0.0": 9.80532455444336, "Cholesteryl Esters in HDL.0.0": 9.63346004486084, "Total Free Cholesterol.0.0": 8.407835006713867, "Free Cholesterol in VLDL.0.0": 6.6974968910217285, "Free Cholesterol in LDL.0.0": 8.506549835205078, "Free Cholesterol in HDL.0.0": 7.566526889801025, "Total Lipids in Lipoprotein Particles.0.0": 6.715605735778809, "Total Lipids in VLDL.0.0": 7.950092792510986, "Total Lipids in LDL.0.0": 9.981084823608398, "Total Lipids in HDL.0.0": 10.02407169342041, "Total Concentration of Lipoprotein Particles.0.0": 10.736480712890625, "Concentration of VLDL Particles.0.0": 7.634343147277832, "Concentration of LDL Particles.0.0": 9.299870491027832, "Concentration of HDL Particles.0.0": 9.407297134399414, "Average Diameter for VLDL Particles.0.0": 6.938915252685547, "Average Diameter for LDL Particles.0.0": 8.681800842285156, "Average Diameter for HDL Particles.0.0": 6.99630069732666, "Phosphoglycerides.0.0": 10.848723411560059, "Triglycerides to Phosphoglycerides ratio.0.0": 9.982290267944336, "Total Cholines.0.0": 10.039981842041016, "Phosphatidylcholines.0.0": 8.639398574829102, "Sphingomyelins.0.0": 7.99580192565918, "Apolipoprotein B.0.0": 10.176470756530762, "Apolipoprotein A1.0.0": 10.19409465789795, "Apolipoprotein B to Apolipoprotein A1 ratio.0.0": 7.164466857910156, "Total Fatty Acids.0.0": 8.961383819580078, "Degree of Unsaturation.0.0": 8.85311222076416, "Omega-3 Fatty Acids.0.0": 6.141170024871826, "Omega-6 Fatty Acids.0.0": 8.095885276794434, "Polyunsaturated Fatty Acids.0.0": 8.521172523498535, "Monounsaturated Fatty Acids.0.0": 6.567437171936035, "Saturated Fatty Acids.0.0": 8.517566680908203, "Linoleic Acid.0.0": 9.277462005615234, "Docosahexaenoic Acid.0.0": 8.181018829345703, "Omega-3 Fatty Acids to Total Fatty Acids percentage.0.0": 8.275930404663086, "Omega-6 Fatty Acids to Total Fatty Acids percentage.0.0": 8.151896476745605, "Polyunsaturated Fatty Acids to Total Fatty Acids percentage.0.0": 8.178031921386719, "Monounsaturated Fatty Acids to Total Fatty Acids percentage.0.0": 7.58483362197876, "Saturated Fatty Acids to Total Fatty Acids percentage.0.0": 8.91206169128418, "Linoleic Acid to Total Fatty Acids percentage.0.0": 8.573880195617676, "Docosahexaenoic Acid to Total Fatty Acids percentage.0.0": 8.9392671585083, "Polyunsaturated Fatty Acids to Monounsaturated Fatty Acids ratio.0.0": 8.049823760986328, "Omega-6 Fatty Acids to Omega-3 Fatty Acids ratio.0.0": 7.672187328338623, "Alanine.0.0": 8.831666946411133, "Glutamine.0.0": 8.135380744934082, "Glycine.0.0": 8.295563697814941, "Histidine.0.0": 8.418092727661133, "Total Concentration of Branched-Chain Amino Acids (Leucine + Isoleucine + Valine).0.0": 7.7228569984436035, "Isoleucine.0.0": 8.02553939819336, "Leucine.0.0": 8.4572114944458, "Valine.0.0": 8.572553634643555, "Phenylalanine.0.0": 9.319199562072754, "Tyrosine.0.0": 8.002923965454102, "Glucose.0.0": 7.6116623878479, "Lactate.0.0": 7.881028652191162, "Pyruvate.0.0": 9.266022682189941, "Citrate.0.0": 7.469405174255371, "3-Hydroxybutyrate.0.0": 8.679513931274414, "Acetate.0.0": 9.22191333770752, "Acetoacetate.0.0": 8.32967758178711, "Acetone.0.0": 8.826412200927734, "Creatinine.0.0": 7.9458746910095215, "Albumin.0.0": 8.058144569396973, "Glycoprotein Acetyls.0.0": 8.631422996520996, "Nitrogen dioxide air pollution; 2010.0.0": 8.197793960571289, "Nitrogen oxides air pollution; 2010.0.0": 8.03691577911377, "Particulate matter air pollution (pm10); 2010.0.0": 6.794614315032959, "Particulate matter air pollution (pm2.5); 2010.0.0": 8.090645790100098, "Particulate matter air pollution (pm2.5) absorbance; 2010.0.0": 9.27771282196045, "Particulate matter air pollution 2.5-10um; 2010.0.0": 8.362751007080078, "Inverse distance to the nearest road.0.0": 8.28207015991211, "Inverse distance to the nearest major road.0.0": 7.911160469055176, "Close to major road.0.0": 9.720011711120605, "Sum of road length of major roads within 100m.0.0": 6.655421733856201, "Nitrogen dioxide air pollution; 2005.0.0": 8.64883804321289, "Nitrogen dioxide air pollution; 2006.0.0": 10.207200050354004, "Nitrogen dioxide air pollution; 2007.0.0": 7.4237213134765625, "Particulate matter air pollution (pm10); 2007.0.0": 8.264741897583008, "Average daytime sound level of noise pollution.0.0": 7.946349143981934, "Average evening sound level of noise pollution.0.0": 7.943905353546143, "Average night-time sound level of noise pollution.0.0": 7.491927146911621, "Greenspace percentage, buffer 1000m.0.0": 9.021589279174805, "Domestic garden percentage, buffer 1000m.0.0": 7.255654335021973, "Water percentage, buffer 1000m.0.0": 11.175663948059082, "Greenspace percentage, buffer 300m.0.0": 7.993164539337158, "Domestic garden percentage, buffer 300m.0.0": 7.870848655700684,