Metric,Value
Accuracy,0.7193548387096774
F1 Score,0.38443396226415094
Precision,0.4255874673629243
Recall,0.35053763440860214
Specificity,0.8422939068100358
Sensitivity,0.35053763440860214
