Metric,Value
Accuracy,0.7573529411764706
F1 Score,0.35294117647058826
Precision,0.5294117647058824
Recall,0.2647058823529412
Specificity,0.9215686274509803
Sensitivity,0.2647058823529412
