Metric,Value
Accuracy,0.6798816568047338
F1 Score,0.468565815324165
Precision,0.4005037783375315
Recall,0.5644970414201184
Specificity,0.7183431952662722
Sensitivity,0.5644970414201184
