Metric,Value
Accuracy,0.6909212283044058
F1 Score,0.29096477794793263
Precision,0.2519893899204244
Recall,0.3442028985507246
Specificity,0.7692307692307693
Sensitivity,0.3442028985507246
