Metric,Value
Accuracy,0.6633136094674557
F1 Score,0.4459591041869523
Precision,0.37882547559966917
Recall,0.5420118343195266
Specificity,0.7037475345167653
Sensitivity,0.5420118343195266
