Metric,Value
Accuracy,0.6597985347985348
F1 Score,0.4107850911974623
Precision,0.3622377622377622
Recall,0.47435897435897434
Specificity,0.7216117216117216
Sensitivity,0.47435897435897434
