Metric,Value
Accuracy,0.7129032258064516
F1 Score,0.14968152866242038
Precision,0.2883435582822086
Recall,0.1010752688172043
Specificity,0.9168458781362007
Sensitivity,0.1010752688172043
