Metric,Value
Accuracy,0.7246732026143791
F1 Score,0.08174386920980926
Precision,0.2459016393442623
Recall,0.049019607843137254
Specificity,0.9498910675381264
Sensitivity,0.049019607843137254
