Metric,Value
Accuracy,0.7517751479289941
F1 Score,0.01410105757931845
Precision,1.0
Recall,0.007100591715976331
Specificity,1.0
Sensitivity,0.007100591715976331
