{"owner_or_rent.0.0": 13.730228424072266, "freq_work_not_home.0.0": 8.180662155151367, "Job involves heavy manual or physical work.0.0": 9.036895751953125, "moderate_phys_act.0.0": 7.977321624755859, "vigorous_phys_act.0.0": 10.94973373413086, "friend_family visits.0.0": 8.695344924926758, "time_watch television.0.0": 10.567073822021484, "time_watch computer.0.0": 7.593076705932617, "weekly_usage_phone.0.0": 9.545241355895996, "Sleeplessness / insomnia.0.0": 12.388047218322754, "current_smok.0.0": 12.282143592834473, "past_smoke.0.0": 10.351396560668945, "smokers_in_household.0.0": 9.631139755249023, "fresh_fruits.0.0": 7.207489967346191, "water_intake.0.0": 10.654699325561523, "Alcohol intake frequency.0.0": 7.964348793029785, "mood swing.0.0": 11.298273086547852, "Irritability.0.0": 4.763708591461182, "Sensitivity / hurt feelings.0.0": 7.150226593017578, "Nervous feelings.0.0": 9.917887687683105, "Worrier / anxious feelings.0.0": 10.934420585632324, "Tense / 'highly strung'.0.0": 13.195491790771484, "Worry too long after embarrassment.0.0": 6.221780776977539, "Suffer from 'nerves'.0.0": 7.193934440612793, "Loneliness, isolation.0.0": 10.440051078796387, "Long-standing illness, disability or infirmity.0.0": 64.80933380126953, "computer games.0.0": 6.6215033531188965, "hearing_difficulties.0.0": 4.094362735748291, "cancer by doctor.0.0": 14.744865417480469, "night_shift_work.0.0": 9.684564590454102, "Current employment status.0.0": 10.472729682922363, "Blood clot, DVT, bronchitis, emphysema, asthma, rhinitis, eczema, allergy diagnosed by doctor.0.0": 14.393006324768066, "Illnesses of father.0.0": 5.706264495849609, "Illnesses of mother.0.0": 9.137656211853027, "Illnesses of siblings.0.0": 10.768030166625977, "Smoking status.0.0": 9.500767707824707, "Alcohol drinker status.0.0": 11.164889335632324, "Forced vital capacity (FVC), Best measure.0.0": 10.028931617736816, "Forced expiratory volume in 1-second (FEV1), predicted.0.0": 9.55170726776123, "Ever smoked.0.0": 17.079959869384766, "Pack years of smoking.0.0": 15.27407455444336, "Ethnic background.0.0": 3.136654853820801, "Body mass index (BMI).0.0": 9.056501388549805, "Weight.0.0": 7.364808559417725, "Total Cholesterol.0.0": 7.549593925476074, "Total Cholesterol Minus HDL-C.0.0": 16.196212768554688, "Remnant Cholesterol (Non-HDL, Non-LDL -Cholesterol).0.0": 9.621438980102539, "VLDL Cholesterol.0.0": 9.120506286621094, "Clinical LDL Cholesterol.0.0": 7.532480716705322, "LDL Cholesterol.0.0": 7.4292707443237305, "HDL Cholesterol.0.0": 8.649694442749023, "Total Triglycerides.0.0": 8.260698318481445, "Triglycerides in VLDL.0.0": 7.332116603851318, "Triglycerides in LDL.0.0": 9.993242263793945, "Triglycerides in HDL.0.0": 9.764168739318848, "Total Phospholipids in Lipoprotein Particles.0.0": 8.85873794555664, "Phospholipids in VLDL.0.0": 9.1470947265625, "Phospholipids in LDL.0.0": 8.71510124206543, "Phospholipids in HDL.0.0": 9.060715675354004, "Total Esterified Cholesterol.0.0": 6.2686896324157715, "Cholesteryl Esters in VLDL.0.0": 8.668070793151855, "Cholesteryl Esters in LDL.0.0": 6.489284038543701, "Cholesteryl Esters in HDL.0.0": 7.258793354034424, "Total Free Cholesterol.0.0": 9.693816184997559, "Free Cholesterol in VLDL.0.0": 7.8536529541015625, "Free Cholesterol in LDL.0.0": 6.849155426025391, "Free Cholesterol in HDL.0.0": 10.213235855102539, "Total Lipids in Lipoprotein Particles.0.0": 10.157771110534668, "Total Lipids in VLDL.0.0": 9.035876274108887, "Total Lipids in LDL.0.0": 7.799793720245361, "Total Lipids in HDL.0.0": 9.52769947052002, "Total Concentration of Lipoprotein Particles.0.0": 10.402518272399902, "Concentration of VLDL Particles.0.0": 11.382911682128906, "Concentration of LDL Particles.0.0": 9.1856050491333, "Concentration of HDL Particles.0.0": 9.14139461517334, "Average Diameter for VLDL Particles.0.0": 8.607813835144043, "Average Diameter for LDL Particles.0.0": 9.274858474731445, "Average Diameter for HDL Particles.0.0": 10.018046379089355, "Phosphoglycerides.0.0": 9.34982967376709, "Triglycerides to Phosphoglycerides ratio.0.0": 8.49202823638916, "Total Cholines.0.0": 9.141129493713379, "Phosphatidylcholines.0.0": 9.529763221740723, "Sphingomyelins.0.0": 9.705010414123535, "Apolipoprotein B.0.0": 9.816916465759277, "Apolipoprotein A1.0.0": 8.812355995178223, "Apolipoprotein B to Apolipoprotein A1 ratio.0.0": 7.855406284332275, "Total Fatty Acids.0.0": 7.720394611358643, "Degree of Unsaturation.0.0": 8.221821784973145, "Omega-3 Fatty Acids.0.0": 8.775094985961914, "Omega-6 Fatty Acids.0.0": 8.242424964904785, "Polyunsaturated Fatty Acids.0.0": 8.270849227905273, "Monounsaturated Fatty Acids.0.0": 8.5601224899292, "Saturated Fatty Acids.0.0": 10.034710884094238, "Linoleic Acid.0.0": 10.514721870422363, "Docosahexaenoic Acid.0.0": 8.164482116699219, "Omega-3 Fatty Acids to Total Fatty Acids percentage.0.0": 8.258376121520996, "Omega-6 Fatty Acids to Total Fatty Acids percentage.0.0": 8.633660316467285, "Polyunsaturated Fatty Acids to Total Fatty Acids percentage.0.0": 8.716378211975098, "Monounsaturated Fatty Acids to Total Fatty Acids percentage.0.0": 9.63081169128418, "Saturated Fatty Acids to Total Fatty Acids percentage.0.0": 8.191581726074219, "Linoleic Acid to Total Fatty Acids percentage.0.0": 9.117509841918945, "Docosahexaenoic Acid to Total Fatty Acids percentage.0.0": 8.977917671203613, "Polyunsaturated Fatty Acids to Monounsaturated Fatty Acids ratio.0.0": 8.025125503540039, "Omega-6 Fatty Acids to Omega-3 Fatty Acids ratio.0.0": 8.26614761352539, "Alanine.0.0": 8.587294578552246, "Glutamine.0.0": 8.082340240478516, "Glycine.0.0": 8.471290588378906, "Histidine.0.0": 8.001679420471191, "Total Concentration of Branched-Chain Amino Acids (Leucine + Isoleucine + Valine).0.0": 6.8829731941223145, "Isoleucine.0.0": 7.463632583618164, "Leucine.0.0": 7.748311996459961, "Valine.0.0": 5.987847805023193, "Phenylalanine.0.0": 8.771122932434082, "Tyrosine.0.0": 8.954628944396973, "Glucose.0.0": 8.388015747070312, "Lactate.0.0": 7.312978744506836, "Pyruvate.0.0": 8.711697578430176, "Citrate.0.0": 6.9238433837890625, "3-Hydroxybutyrate.0.0": 8.110605239868164, "Acetate.0.0": 7.283226490020752, "Acetoacetate.0.0": 8.497824668884277, "Acetone.0.0": 8.228402137756348, "Creatinine.0.0": 10.316293716430664, "Albumin.0.0": 8.714191436767578, "Glycoprotein Acetyls.0.0": 10.863791465759277, "Nitrogen dioxide air pollution; 2010.0.0": 8.435900688171387, "Nitrogen oxides air pollution; 2010.0.0": 7.693272590637207, "Particulate matter air pollution (pm10); 2010.0.0": 8.603583335876465, "Particulate matter air pollution (pm2.5); 2010.0.0": 10.060784339904785, "Particulate matter air pollution (pm2.5) absorbance; 2010.0.0": 9.582959175109863, "Particulate matter air pollution 2.5-10um; 2010.0.0": 8.789510726928711, "Inverse distance to the nearest road.0.0": 7.9934916496276855, "Inverse distance to the nearest major road.0.0": 8.3170747756958, "Sum of road length of major roads within 100m.0.0": 9.366584777832031, "Nitrogen dioxide air pollution; 2005.0.0": 7.9481048583984375, "Nitrogen dioxide air pollution; 2006.0.0": 8.339113235473633, "Nitrogen dioxide air pollution; 2007.0.0": 10.244688987731934, "Particulate matter air pollution (pm10); 2007.0.0": 11.024048805236816, "Average daytime sound level of noise pollution.0.0": 7.341634750366211, "Average evening sound level of noise pollution.0.0": 6.148799419403076, "Average night-time sound level of noise pollution.0.0": 5.506204128265381, "Greenspace percentage, buffer 1000m.0.0": 8.355626106262207, "Domestic garden percentage, buffer 1000m.0.0": 8.520526885986328, "Water percentage, buffer 1000m.0.0": 8.681147575378418, "Greenspace percentage, buffer 300m.0.0": 8.713238716125488, "Domestic garden percentage, buffer 300m.0.0": 5.697136402130127, "Water percentage, buffer 300m.0.0": 10.098603248596191, "Natural environment percentage, buffer 1000m.0.0": 8.376460075378418,