{"owner_or_rent.0.0": 19.134227752685547, "freq_work_not_home.0.0": 9.196589469909668, "Job involves heavy manual or physical work.0.0": 11.594529151916504, "Job involves shift work.0.0": 12.84250545501709, "moderate_phys_act.0.0": 7.7183518409729, "vigorous_phys_act.0.0": 11.920376777648926, "friend_family visits.0.0": 6.207012176513672, "time_watch television.0.0": 7.796530723571777, "time_watch computer.0.0": 9.835899353027344, "weekly_usage_phone.0.0": 9.00706672668457, "morning_evening person.0.0": 7.925851345062256, "Sleeplessness / insomnia.0.0": 14.744538307189941, "current_smok.0.0": 17.496381759643555, "past_smoke.0.0": 11.271638870239258, "smokers_in_household.0.0": 11.892314910888672, "fresh_fruits.0.0": 6.628987789154053, "water_intake.0.0": 10.838955879211426, "Alcohol intake frequency.0.0": 12.6697998046875, "mood swing.0.0": 33.7664794921875, "Irritability.0.0": 11.290640830993652, "Sensitivity / hurt feelings.0.0": 18.7760009765625, "Nervous feelings.0.0": 38.95077896118164, "Worrier / anxious feelings.0.0": 30.107460021972656, "Tense / 'highly strung'.0.0": 100.93440246582031, "Worry too long after embarrassment.0.0": 8.011491775512695, "Suffer from 'nerves'.0.0": 80.68106842041016, "Loneliness, isolation.0.0": 21.114225387573242, "Guilty feelings.0.0": 10.398371696472168, "Long-standing illness, disability or infirmity.0.0": 103.04289245605469, "computer games.0.0": 8.243191719055176, "hearing_difficulties.0.0": 3.105611801147461, "cancer by doctor.0.0": 15.075778007507324, "menopause.0.0": 9.244344711303711, "contraceptive_pill.0.0": 2.5139827728271484, "night_shift_work.0.0": 10.399223327636719, "Current employment status.0.0": 13.474833488464355, "Blood clot, DVT, bronchitis, emphysema, asthma, rhinitis, eczema, allergy diagnosed by doctor.0.0": 12.768451690673828, "Illnesses of father.0.0": 5.8754496574401855, "Illnesses of mother.0.0": 13.472894668579102, "Illnesses of siblings.0.0": 9.015246391296387, "Smoking status.0.0": 16.615297317504883, "Alcohol drinker status.0.0": 14.334723472595215, "Forced vital capacity (FVC), Best measure.0.0": 8.48484992980957, "Forced expiratory volume in 1-second (FEV1), predicted.0.0": 9.002488136291504, "Pack years of smoking.0.0": 16.14984130859375, "Ethnic background.0.0": 13.105470657348633, "Body mass index (BMI).0.0": 10.129423141479492, "Weight.0.0": 10.448777198791504, "Total Cholesterol.0.0": 8.615450859069824, "Total Cholesterol Minus HDL-C.0.0": 11.137312889099121, "Remnant Cholesterol (Non-HDL, Non-LDL -Cholesterol).0.0": 10.235332489013672, "VLDL Cholesterol.0.0": 10.152345657348633, "Clinical LDL Cholesterol.0.0": 9.529473304748535, "LDL Cholesterol.0.0": 10.516159057617188, "HDL Cholesterol.0.0": 7.632907390594482, "Total Triglycerides.0.0": 8.245062828063965, "Triglycerides in VLDL.0.0": 7.109226703643799, "Triglycerides in LDL.0.0": 9.383837699890137, "Triglycerides in HDL.0.0": 9.66578483581543, "Total Phospholipids in Lipoprotein Particles.0.0": 5.266616344451904, "Phospholipids in VLDL.0.0": 9.207305908203125, "Phospholipids in LDL.0.0": 9.034097671508789, "Phospholipids in HDL.0.0": 9.078065872192383, "Total Esterified Cholesterol.0.0": 10.822959899902344, "Cholesteryl Esters in VLDL.0.0": 8.656721115112305, "Cholesteryl Esters in LDL.0.0": 8.179522514343262, "Cholesteryl Esters in HDL.0.0": 8.828265190124512, "Total Free Cholesterol.0.0": 10.196405410766602, "Free Cholesterol in VLDL.0.0": 9.036581039428711, "Free Cholesterol in LDL.0.0": 8.075685501098633, "Free Cholesterol in HDL.0.0": 8.033028602600098, "Total Lipids in Lipoprotein Particles.0.0": 10.275811195373535, "Total Lipids in VLDL.0.0": 7.411902904510498, "Total Lipids in LDL.0.0": 7.378352642059326, "Total Lipids in HDL.0.0": 8.152850151062012, "Total Concentration of Lipoprotein Particles.0.0": 9.265585899353027, "Concentration of VLDL Particles.0.0": 10.131038665771484, "Concentration of LDL Particles.0.0": 8.140201568603516, "Concentration of HDL Particles.0.0": 8.572936058044434, "Average Diameter for VLDL Particles.0.0": 8.69308853149414, "Average Diameter for LDL Particles.0.0": 9.082918167114258, "Average Diameter for HDL Particles.0.0": 8.50841236114502, "Phosphoglycerides.0.0": 9.559597969055176, "Triglycerides to Phosphoglycerides ratio.0.0": 8.38919734954834, "Total Cholines.0.0": 10.16239070892334, "Phosphatidylcholines.0.0": 9.697863578796387, "Sphingomyelins.0.0": 9.71695613861084, "Apolipoprotein B.0.0": 9.230618476867676, "Apolipoprotein A1.0.0": 7.934930801391602, "Apolipoprotein B to Apolipoprotein A1 ratio.0.0": 11.733428955078125, "Total Fatty Acids.0.0": 9.312190055847168, "Degree of Unsaturation.0.0": 8.514130592346191, "Omega-3 Fatty Acids.0.0": 9.937788009643555, "Omega-6 Fatty Acids.0.0": 8.973258972167969, "Polyunsaturated Fatty Acids.0.0": 10.6421480178833, "Monounsaturated Fatty Acids.0.0": 8.80384635925293, "Saturated Fatty Acids.0.0": 7.326868534088135, "Linoleic Acid.0.0": 9.920554161071777, "Docosahexaenoic Acid.0.0": 9.202279090881348, "Omega-3 Fatty Acids to Total Fatty Acids percentage.0.0": 8.332853317260742, "Omega-6 Fatty Acids to Total Fatty Acids percentage.0.0": 10.876877784729004, "Polyunsaturated Fatty Acids to Total Fatty Acids percentage.0.0": 10.424859046936035, "Monounsaturated Fatty Acids to Total Fatty Acids percentage.0.0": 10.078635215759277, "Saturated Fatty Acids to Total Fatty Acids percentage.0.0": 9.5056734085083, "Linoleic Acid to Total Fatty Acids percentage.0.0": 9.829920768737793, "Docosahexaenoic Acid to Total Fatty Acids percentage.0.0": 7.084280967712402, "Polyunsaturated Fatty Acids to Monounsaturated Fatty Acids ratio.0.0": 10.099438667297363, "Omega-6 Fatty Acids to Omega-3 Fatty Acids ratio.0.0": 8.84891414642334, "Alanine.0.0": 8.220325469970703, "Glutamine.0.0": 9.23035717010498, "Glycine.0.0": 8.340097427368164, "Histidine.0.0": 9.527205467224121, "Total Concentration of Branched-Chain Amino Acids (Leucine + Isoleucine + Valine).0.0": 8.106780052185059, "Isoleucine.0.0": 8.908658981323242, "Leucine.0.0": 8.117323875427246, "Valine.0.0": 10.548622131347656, "Phenylalanine.0.0": 8.751208305358887, "Tyrosine.0.0": 10.071959495544434, "Glucose.0.0": 9.303839683532715, "Lactate.0.0": 8.727977752685547, "Pyruvate.0.0": 10.178564071655273, "Citrate.0.0": 9.432007789611816, "3-Hydroxybutyrate.0.0": 7.939708709716797, "Acetate.0.0": 7.617124557495117, "Acetoacetate.0.0": 9.145364761352539, "Acetone.0.0": 9.020042419433594, "Creatinine.0.0": 8.871132850646973, "Albumin.0.0": 9.302960395812988, "Glycoprotein Acetyls.0.0": 10.129120826721191, "Nitrogen dioxide air pollution; 2010.0.0": 10.453022956848145, "Nitrogen oxides air pollution; 2010.0.0": 10.036139488220215, "Particulate matter air pollution (pm10); 2010.0.0": 10.050414085388184, "Particulate matter air pollution (pm2.5); 2010.0.0": 9.776598930358887, "Particulate matter air pollution (pm2.5) absorbance; 2010.0.0": 9.557550430297852, "Particulate matter air pollution 2.5-10um; 2010.0.0": 11.417987823486328, "Inverse distance to the nearest road.0.0": 8.735898971557617, "Inverse distance to the nearest major road.0.0": 8.301263809204102, "Sum of road length of major roads within 100m.0.0": 8.285799980163574, "Nitrogen dioxide air pollution; 2005.0.0": 8.27743911743164, "Nitrogen dioxide air pollution; 2006.0.0": 8.43521499633789, "Nitrogen dioxide air pollution; 2007.0.0": 9.205897331237793, "Particulate matter air pollution (pm10); 2007.0.0": 10.948213577270508, "Average daytime sound level of noise pollution.0.0": 8.54189395904541, "Average evening sound level of noise pollution.0.0": 7.952082633972168, "Average night-time sound level of noise pollution.0.0": 7.405633926391602, "Greenspace percentage, buffer 1000m.0.0": 9.725558280944824, "Domestic garden percentage, buffer 1000m.0.0": 7.759081840515137, "Water percentage, buffer 1000m.0.0": 8.636143684387207, "Greenspace percentage, buffer 300m.0.0": 8.737610816955566, "Domestic garden percentage, buffer 300m.0.0": 7.3579535484313965,