{"owner_or_rent.0.0": 7.3615193367004395, "freq_work_not_home.0.0": 9.353777885437012, "Job involves heavy manual or physical work.0.0": 7.205096244812012, "Job involves shift work.0.0": 0.5076751708984375, "moderate_phys_act.0.0": 7.892348289489746, "vigorous_phys_act.0.0": 8.900372505187988, "friend_family visits.0.0": 8.17538070678711, "time_watch television.0.0": 10.901533126831055, "time_watch computer.0.0": 7.422633171081543, "weekly_usage_phone.0.0": 7.711252689361572, "morning_evening person.0.0": 9.037111282348633, "Sleeplessness / insomnia.0.0": 15.69753360748291, "current_smok.0.0": 16.9975643157959, "past_smoke.0.0": 9.815787315368652, "smokers_in_household.0.0": 14.24968147277832, "fresh_fruits.0.0": 8.485864639282227, "water_intake.0.0": 8.801910400390625, "Alcohol intake frequency.0.0": 7.629844665527344, "mood swing.0.0": 23.809057235717773, "Irritability.0.0": 18.616683959960938, "Sensitivity / hurt feelings.0.0": 6.230958461761475, "Nervous feelings.0.0": 9.898935317993164, "Worrier / anxious feelings.0.0": 18.34453773498535, "Tense / 'highly strung'.0.0": 25.196989059448242, "Worry too long after embarrassment.0.0": 2.9329257011413574, "Suffer from 'nerves'.0.0": 26.274127960205078, "Loneliness, isolation.0.0": 31.09906768798828, "Guilty feelings.0.0": 8.072712898254395, "Long-standing illness, disability or infirmity.0.0": 121.79582214355469, "computer games.0.0": 5.808445930480957, "hearing_difficulties.0.0": 13.701822280883789, "cancer by doctor.0.0": 11.390937805175781, "night_shift_work.0.0": 13.87822151184082, "Current employment status.0.0": 15.195981979370117, "Blood clot, DVT, bronchitis, emphysema, asthma, rhinitis, eczema, allergy diagnosed by doctor.0.0": 17.31357192993164, "Illnesses of father.0.0": 7.557751178741455, "Illnesses of mother.0.0": 8.67158317565918, "Illnesses of siblings.0.0": 8.809096336364746, "Smoking status.0.0": 9.590422630310059, "Alcohol drinker status.0.0": 15.910568237304688, "Forced vital capacity (FVC), Best measure.0.0": 9.215555191040039, "Forced expiratory volume in 1-second (FEV1), predicted.0.0": 8.134566307067871, "Ever smoked.0.0": 13.767831802368164, "Pack years of smoking.0.0": 14.649867057800293, "Body mass index (BMI).0.0": 7.975737571716309, "Weight.0.0": 9.886242866516113, "Total Cholesterol.0.0": 8.491304397583008, "Total Cholesterol Minus HDL-C.0.0": 9.79777717590332, "Remnant Cholesterol (Non-HDL, Non-LDL -Cholesterol).0.0": 8.882189750671387, "VLDL Cholesterol.0.0": 9.12313461303711, "Clinical LDL Cholesterol.0.0": 10.372097969055176, "LDL Cholesterol.0.0": 6.901949405670166, "HDL Cholesterol.0.0": 8.046266555786133, "Total Triglycerides.0.0": 9.3988037109375, "Triglycerides in VLDL.0.0": 9.707541465759277, "Triglycerides in LDL.0.0": 6.204533100128174, "Triglycerides in HDL.0.0": 7.994178771972656, "Total Phospholipids in Lipoprotein Particles.0.0": 7.386423587799072, "Phospholipids in VLDL.0.0": 8.478763580322266, "Phospholipids in LDL.0.0": 9.980938911437988, "Phospholipids in HDL.0.0": 8.382329940795898, "Total Esterified Cholesterol.0.0": 8.889375686645508, "Cholesteryl Esters in VLDL.0.0": 10.924558639526367, "Cholesteryl Esters in LDL.0.0": 7.179739952087402, "Cholesteryl Esters in HDL.0.0": 8.807941436767578, "Total Free Cholesterol.0.0": 9.232362747192383, "Free Cholesterol in VLDL.0.0": 9.272642135620117, "Free Cholesterol in LDL.0.0": 9.81946849822998, "Free Cholesterol in HDL.0.0": 7.764786243438721, "Total Lipids in Lipoprotein Particles.0.0": 10.6265869140625, "Total Lipids in VLDL.0.0": 6.666863441467285, "Total Lipids in LDL.0.0": 9.18759822845459, "Total Lipids in HDL.0.0": 7.65113639831543, "Total Concentration of Lipoprotein Particles.0.0": 7.6657562255859375, "Concentration of VLDL Particles.0.0": 7.164262294769287, "Concentration of LDL Particles.0.0": 8.99669361114502, "Concentration of HDL Particles.0.0": 9.43816089630127, "Average Diameter for VLDL Particles.0.0": 7.134919166564941, "Average Diameter for LDL Particles.0.0": 9.219741821289062, "Average Diameter for HDL Particles.0.0": 6.529254913330078, "Phosphoglycerides.0.0": 10.24103832244873, "Triglycerides to Phosphoglycerides ratio.0.0": 5.776985168457031, "Total Cholines.0.0": 7.2469892501831055, "Phosphatidylcholines.0.0": 8.036652565002441, "Sphingomyelins.0.0": 7.102354049682617, "Apolipoprotein B.0.0": 7.3195061683654785, "Apolipoprotein A1.0.0": 8.404820442199707, "Apolipoprotein B to Apolipoprotein A1 ratio.0.0": 7.237846374511719, "Total Fatty Acids.0.0": 9.288623809814453, "Degree of Unsaturation.0.0": 8.326366424560547, "Omega-3 Fatty Acids.0.0": 9.025599479675293, "Omega-6 Fatty Acids.0.0": 8.561003684997559, "Polyunsaturated Fatty Acids.0.0": 8.76425552368164, "Monounsaturated Fatty Acids.0.0": 10.039189338684082, "Saturated Fatty Acids.0.0": 7.586508750915527, "Linoleic Acid.0.0": 8.232479095458984, "Docosahexaenoic Acid.0.0": 8.594406127929688, "Omega-3 Fatty Acids to Total Fatty Acids percentage.0.0": 9.598944664001465, "Omega-6 Fatty Acids to Total Fatty Acids percentage.0.0": 8.98767375946045, "Polyunsaturated Fatty Acids to Total Fatty Acids percentage.0.0": 9.358170509338379, "Monounsaturated Fatty Acids to Total Fatty Acids percentage.0.0": 9.377763748168945, "Saturated Fatty Acids to Total Fatty Acids percentage.0.0": 7.3531494140625, "Linoleic Acid to Total Fatty Acids percentage.0.0": 9.389690399169922, "Docosahexaenoic Acid to Total Fatty Acids percentage.0.0": 9.150136947631836, "Polyunsaturated Fatty Acids to Monounsaturated Fatty Acids ratio.0.0": 8.900785446166992, "Omega-6 Fatty Acids to Omega-3 Fatty Acids ratio.0.0": 8.995701789855957, "Alanine.0.0": 7.750210285186768, "Glutamine.0.0": 10.152420997619629, "Glycine.0.0": 7.441600799560547, "Histidine.0.0": 8.923157691955566, "Total Concentration of Branched-Chain Amino Acids (Leucine + Isoleucine + Valine).0.0": 7.437324523925781, "Isoleucine.0.0": 7.992129325866699, "Leucine.0.0": 7.859222412109375, "Valine.0.0": 7.187656879425049, "Phenylalanine.0.0": 8.1507568359375, "Tyrosine.0.0": 8.076611518859863, "Glucose.0.0": 8.975139617919922, "Lactate.0.0": 8.483922004699707, "Pyruvate.0.0": 7.965747833251953, "Citrate.0.0": 9.252412796020508, "3-Hydroxybutyrate.0.0": 8.842937469482422, "Acetate.0.0": 9.266634941101074, "Acetoacetate.0.0": 7.154849529266357, "Acetone.0.0": 8.164205551147461, "Creatinine.0.0": 10.467333793640137, "Albumin.0.0": 8.143753051757812, "Glycoprotein Acetyls.0.0": 9.04937744140625, "Nitrogen dioxide air pollution; 2010.0.0": 9.857789993286133, "Nitrogen oxides air pollution; 2010.0.0": 7.948946475982666, "Particulate matter air pollution (pm10); 2010.0.0": 8.61727237701416, "Particulate matter air pollution (pm2.5); 2010.0.0": 9.104570388793945, "Particulate matter air pollution (pm2.5) absorbance; 2010.0.0": 8.016280174255371, "Particulate matter air pollution 2.5-10um; 2010.0.0": 7.959246635437012, "Inverse distance to the nearest road.0.0": 8.607491493225098, "Inverse distance to the nearest major road.0.0": 8.221689224243164, "Sum of road length of major roads within 100m.0.0": 6.629934310913086, "Nitrogen dioxide air pollution; 2005.0.0": 7.896027088165283, "Nitrogen dioxide air pollution; 2006.0.0": 6.503965377807617, "Nitrogen dioxide air pollution; 2007.0.0": 8.853407859802246, "Particulate matter air pollution (pm10); 2007.0.0": 8.305181503295898, "Average daytime sound level of noise pollution.0.0": 8.301105499267578, "Average evening sound level of noise pollution.0.0": 8.90925407409668, "Average night-time sound level of noise pollution.0.0": 6.987882614135742, "Greenspace percentage, buffer 1000m.0.0": 8.737337112426758, "Domestic garden percentage, buffer 1000m.0.0": 7.088154315948486, "Water percentage, buffer 1000m.0.0": 9.271377563476562, "Greenspace percentage, buffer 300m.0.0": 8.196087837219238, "Domestic garden percentage, buffer 300m.0.0": 8.10460090637207, "Water percentage, buffer 300m.0.0": 12.449699401855469,