{"owner_or_rent.0.0": 3.0604190826416016, "freq_work_not_home.0.0": 7.489217758178711, "Job involves heavy manual or physical work.0.0": 7.30527400970459, "Job involves shift work.0.0": 3.2010879516601562, "moderate_phys_act.0.0": 9.680280685424805, "vigorous_phys_act.0.0": 9.795453071594238, "friend_family visits.0.0": 8.533403396606445, "time_watch television.0.0": 8.423681259155273, "time_watch computer.0.0": 7.911618709564209, "weekly_usage_phone.0.0": 11.260278701782227, "Sleeplessness / insomnia.0.0": 9.899229049682617, "current_smok.0.0": 12.321518898010254, "past_smoke.0.0": 9.649449348449707, "smokers_in_household.0.0": 7.5868635177612305, "fresh_fruits.0.0": 7.137163162231445, "water_intake.0.0": 9.652926445007324, "Alcohol intake frequency.0.0": 8.064607620239258, "mood swing.0.0": 7.435996055603027, "Irritability.0.0": 9.525307655334473, "Sensitivity / hurt feelings.0.0": 3.7438955307006836, "Nervous feelings.0.0": 6.2350945472717285, "Worrier / anxious feelings.0.0": 9.196540832519531, "Tense / 'highly strung'.0.0": 11.989657402038574, "Worry too long after embarrassment.0.0": 9.086604118347168, "Suffer from 'nerves'.0.0": 8.35370922088623, "Loneliness, isolation.0.0": 9.16665267944336, "Seen a psychiatrist for nerves, anxiety, tension or depression.0.0": 11.443099975585938, "Long-standing illness, disability or infirmity.0.0": 41.2895622253418, "computer games.0.0": 5.7665276527404785, "hearing_difficulties.0.0": 6.862865924835205, "cancer by doctor.0.0": 10.807042121887207, "night_shift_work.0.0": 11.272501945495605, "Current employment status.0.0": 11.622759819030762, "Blood clot, DVT, bronchitis, emphysema, asthma, rhinitis, eczema, allergy diagnosed by doctor.0.0": 10.600193977355957, "Illnesses of father.0.0": 8.533167839050293, "Illnesses of mother.0.0": 7.207818508148193, "Illnesses of siblings.0.0": 5.008047103881836, "Smoking status.0.0": 11.615923881530762, "Alcohol drinker status.0.0": 5.765426158905029, "Forced vital capacity (FVC), Best measure.0.0": 8.193184852600098, "Forced expiratory volume in 1-second (FEV1), predicted.0.0": 6.413681507110596, "Ever smoked.0.0": 8.665458679199219, "Pack years of smoking.0.0": 13.467684745788574, "Body mass index (BMI).0.0": 8.482375144958496, "Weight.0.0": 8.11974048614502, "Total Cholesterol.0.0": 10.037271499633789, "Total Cholesterol Minus HDL-C.0.0": 10.544852256774902, "Remnant Cholesterol (Non-HDL, Non-LDL -Cholesterol).0.0": 9.694334983825684, "VLDL Cholesterol.0.0": 6.952795505523682, "Clinical LDL Cholesterol.0.0": 8.859619140625, "LDL Cholesterol.0.0": 11.05240249633789, "HDL Cholesterol.0.0": 7.37783670425415, "Total Triglycerides.0.0": 5.996510982513428, "Triglycerides in VLDL.0.0": 9.364819526672363, "Triglycerides in LDL.0.0": 7.025060176849365, "Triglycerides in HDL.0.0": 7.496730327606201, "Total Phospholipids in Lipoprotein Particles.0.0": 10.74087905883789, "Phospholipids in VLDL.0.0": 8.361302375793457, "Phospholipids in LDL.0.0": 9.6780424118042, "Phospholipids in HDL.0.0": 8.89742374420166, "Total Esterified Cholesterol.0.0": 11.802536964416504, "Cholesteryl Esters in VLDL.0.0": 6.876251220703125, "Cholesteryl Esters in LDL.0.0": 9.447134017944336, "Cholesteryl Esters in HDL.0.0": 8.368851661682129, "Total Free Cholesterol.0.0": 9.030393600463867, "Free Cholesterol in VLDL.0.0": 7.593207836151123, "Free Cholesterol in LDL.0.0": 7.23590612411499, "Free Cholesterol in HDL.0.0": 9.238661766052246, "Total Lipids in Lipoprotein Particles.0.0": 5.642749309539795, "Total Lipids in VLDL.0.0": 7.601280212402344, "Total Lipids in LDL.0.0": 9.398825645446777, "Total Lipids in HDL.0.0": 7.205475330352783, "Total Concentration of Lipoprotein Particles.0.0": 9.324618339538574, "Concentration of VLDL Particles.0.0": 6.347663402557373, "Concentration of LDL Particles.0.0": 7.309326171875, "Concentration of HDL Particles.0.0": 8.354389190673828, "Average Diameter for VLDL Particles.0.0": 6.189612865447998, "Average Diameter for LDL Particles.0.0": 9.693815231323242, "Average Diameter for HDL Particles.0.0": 6.228422164916992, "Phosphoglycerides.0.0": 8.310956954956055, "Triglycerides to Phosphoglycerides ratio.0.0": 7.445018768310547, "Total Cholines.0.0": 8.930135726928711, "Phosphatidylcholines.0.0": 6.3602375984191895, "Sphingomyelins.0.0": 8.25692367553711, "Apolipoprotein B.0.0": 9.085089683532715, "Apolipoprotein A1.0.0": 7.401064395904541, "Apolipoprotein B to Apolipoprotein A1 ratio.0.0": 6.2743659019470215, "Total Fatty Acids.0.0": 8.175114631652832, "Degree of Unsaturation.0.0": 8.407838821411133, "Omega-3 Fatty Acids.0.0": 6.910760402679443, "Omega-6 Fatty Acids.0.0": 8.824244499206543, "Polyunsaturated Fatty Acids.0.0": 7.477938175201416, "Monounsaturated Fatty Acids.0.0": 8.129096984863281, "Saturated Fatty Acids.0.0": 8.485690116882324, "Linoleic Acid.0.0": 9.83725643157959, "Docosahexaenoic Acid.0.0": 7.08702278137207, "Omega-3 Fatty Acids to Total Fatty Acids percentage.0.0": 7.671802997589111, "Omega-6 Fatty Acids to Total Fatty Acids percentage.0.0": 8.834672927856445, "Polyunsaturated Fatty Acids to Total Fatty Acids percentage.0.0": 8.723246574401855, "Monounsaturated Fatty Acids to Total Fatty Acids percentage.0.0": 9.96431827545166, "Saturated Fatty Acids to Total Fatty Acids percentage.0.0": 7.571811199188232, "Linoleic Acid to Total Fatty Acids percentage.0.0": 8.637929916381836, "Docosahexaenoic Acid to Total Fatty Acids percentage.0.0": 6.998700141906738, "Polyunsaturated Fatty Acids to Monounsaturated Fatty Acids ratio.0.0": 6.276066303253174, "Omega-6 Fatty Acids to Omega-3 Fatty Acids ratio.0.0": 8.097783088684082, "Alanine.0.0": 8.881457328796387, "Glutamine.0.0": 8.447583198547363, "Glycine.0.0": 8.390081405639648, "Histidine.0.0": 7.459099292755127, "Total Concentration of Branched-Chain Amino Acids (Leucine + Isoleucine + Valine).0.0": 6.745141506195068, "Isoleucine.0.0": 5.613173007965088, "Leucine.0.0": 6.433037757873535, "Valine.0.0": 7.873849391937256, "Phenylalanine.0.0": 10.956174850463867, "Tyrosine.0.0": 7.780470848083496, "Glucose.0.0": 7.902158737182617, "Lactate.0.0": 7.824777603149414, "Pyruvate.0.0": 6.525689125061035, "Citrate.0.0": 9.387991905212402, "3-Hydroxybutyrate.0.0": 7.290294170379639, "Acetate.0.0": 7.823669910430908, "Acetoacetate.0.0": 7.3700151443481445, "Acetone.0.0": 7.890814781188965, "Creatinine.0.0": 8.15035629272461, "Albumin.0.0": 8.360888481140137, "Glycoprotein Acetyls.0.0": 9.254753112792969, "Nitrogen dioxide air pollution; 2010.0.0": 8.575172424316406, "Nitrogen oxides air pollution; 2010.0.0": 6.402364730834961, "Particulate matter air pollution (pm10); 2010.0.0": 7.8910441398620605, "Particulate matter air pollution (pm2.5); 2010.0.0": 8.757721900939941, "Particulate matter air pollution (pm2.5) absorbance; 2010.0.0": 8.738787651062012, "Particulate matter air pollution 2.5-10um; 2010.0.0": 7.965292453765869, "Inverse distance to the nearest road.0.0": 8.668940544128418, "Inverse distance to the nearest major road.0.0": 8.213886260986328, "Sum of road length of major roads within 100m.0.0": 9.042582511901855, "Nitrogen dioxide air pollution; 2005.0.0": 6.023698329925537, "Nitrogen dioxide air pollution; 2006.0.0": 7.135195255279541, "Nitrogen dioxide air pollution; 2007.0.0": 4.556334972381592, "Particulate matter air pollution (pm10); 2007.0.0": 8.448877334594727, "Average daytime sound level of noise pollution.0.0": 7.774731636047363, "Average evening sound level of noise pollution.0.0": 8.137608528137207, "Average night-time sound level of noise pollution.0.0": 6.842984199523926, "Greenspace percentage, buffer 1000m.0.0": 8.612594604492188, "Domestic garden percentage, buffer 1000m.0.0": 6.960575103759766, "Water percentage, buffer 1000m.0.0": 9.91886043548584, "Greenspace percentage, buffer 300m.0.0": 6.6641526222229, "Domestic garden percentage, buffer 300m.0.0": 8.490547180175781, "Water percentage, buffer 300m.0.0": 7.131134510040283,