Metric,Value
Accuracy,0.750887573964497
F1 Score,0.007075471698113208
Precision,1.0
Recall,0.0035502958579881655
Specificity,1.0
Sensitivity,0.0035502958579881655
