{"owner_or_rent.0.0": 16.846315383911133, "freq_work_not_home.0.0": 9.005600929260254, "Job involves heavy manual or physical work.0.0": 9.802623748779297, "Job involves shift work.0.0": 9.300519943237305, "moderate_phys_act.0.0": 6.823361873626709, "vigorous_phys_act.0.0": 10.298778533935547, "friend_family visits.0.0": 8.41788101196289, "time_watch television.0.0": 10.38764762878418, "time_watch computer.0.0": 8.20910358428955, "weekly_usage_phone.0.0": 10.501497268676758, "morning_evening person.0.0": 13.971284866333008, "Sleeplessness / insomnia.0.0": 13.943405151367188, "current_smok.0.0": 19.819896697998047, "past_smoke.0.0": 11.697426795959473, "smokers_in_household.0.0": 9.293460845947266, "fresh_fruits.0.0": 8.07812786102295, "water_intake.0.0": 10.633344650268555, "Alcohol intake frequency.0.0": 8.897459030151367, "mood swing.0.0": 33.14958190917969, "Irritability.0.0": 9.975893020629883, "Sensitivity / hurt feelings.0.0": 17.408740997314453, "Nervous feelings.0.0": 30.272754669189453, "Worrier / anxious feelings.0.0": 17.47239875793457, "Tense / 'highly strung'.0.0": 72.70345306396484, "Worry too long after embarrassment.0.0": 11.513659477233887, "Suffer from 'nerves'.0.0": 64.13600158691406, "Loneliness, isolation.0.0": 13.348283767700195, "Guilty feelings.0.0": 6.992391109466553, "Seen doctor (GP) for nerves, anxiety, tension or depression.0.0": 294.46612548828125, "Seen a psychiatrist for nerves, anxiety, tension or depression.0.0": 103.84844970703125, "Long-standing illness, disability or infirmity.0.0": 59.636985778808594, "computer games.0.0": 8.502605438232422, "hearing_difficulties.0.0": 7.158591270446777, "cancer by doctor.0.0": 13.947259902954102, "menopause.0.0": 13.672242164611816, "contraceptive_pill.0.0": 5.647919654846191, "night_shift_work.0.0": 10.560672760009766, "Current employment status.0.0": 9.868658065795898, "Blood clot, DVT, bronchitis, emphysema, asthma, rhinitis, eczema, allergy diagnosed by doctor.0.0": 13.66290283203125, "Illnesses of father.0.0": 6.106908798217773, "Illnesses of mother.0.0": 12.26930046081543, "Illnesses of siblings.0.0": 7.6674041748046875, "Smoking status.0.0": 13.164633750915527, "Alcohol drinker status.0.0": 12.148271560668945, "Forced vital capacity (FVC), Best measure.0.0": 8.392796516418457, "Forced expiratory volume in 1-second (FEV1), predicted.0.0": 9.449735641479492, "Ever smoked.0.0": 13.159740447998047, "Pack years of smoking.0.0": 15.457436561584473, "Body mass index (BMI).0.0": 11.391369819641113, "Weight.0.0": 9.811229705810547, "Total Cholesterol.0.0": 9.23539924621582, "Total Cholesterol Minus HDL-C.0.0": 9.51421070098877, "Remnant Cholesterol (Non-HDL, Non-LDL -Cholesterol).0.0": 9.250556945800781, "VLDL Cholesterol.0.0": 8.956193923950195, "Clinical LDL Cholesterol.0.0": 9.325813293457031, "LDL Cholesterol.0.0": 9.603666305541992, "HDL Cholesterol.0.0": 7.2852783203125, "Total Triglycerides.0.0": 8.512028694152832, "Triglycerides in VLDL.0.0": 9.59232234954834, "Triglycerides in LDL.0.0": 9.816095352172852, "Triglycerides in HDL.0.0": 9.15214729309082, "Total Phospholipids in Lipoprotein Particles.0.0": 8.396103858947754, "Phospholipids in VLDL.0.0": 8.442720413208008, "Phospholipids in LDL.0.0": 8.637887954711914, "Phospholipids in HDL.0.0": 7.183461666107178, "Total Esterified Cholesterol.0.0": 9.56557846069336, "Cholesteryl Esters in VLDL.0.0": 9.800905227661133, "Cholesteryl Esters in LDL.0.0": 11.95687484741211, "Cholesteryl Esters in HDL.0.0": 9.172645568847656, "Total Free Cholesterol.0.0": 8.333867073059082, "Free Cholesterol in VLDL.0.0": 9.033239364624023, "Free Cholesterol in LDL.0.0": 8.722518920898438, "Free Cholesterol in HDL.0.0": 10.017950057983398, "Total Lipids in Lipoprotein Particles.0.0": 9.299229621887207, "Total Lipids in VLDL.0.0": 9.325727462768555, "Total Lipids in LDL.0.0": 6.950486183166504, "Total Lipids in HDL.0.0": 8.998673439025879, "Total Concentration of Lipoprotein Particles.0.0": 8.290536880493164, "Concentration of VLDL Particles.0.0": 10.071722984313965, "Concentration of LDL Particles.0.0": 8.41323184967041, "Concentration of HDL Particles.0.0": 8.827056884765625, "Average Diameter for VLDL Particles.0.0": 6.332647800445557, "Average Diameter for LDL Particles.0.0": 10.063796043395996, "Average Diameter for HDL Particles.0.0": 8.295465469360352, "Phosphoglycerides.0.0": 9.524637222290039, "Triglycerides to Phosphoglycerides ratio.0.0": 6.931033611297607, "Total Cholines.0.0": 9.969779014587402, "Phosphatidylcholines.0.0": 8.437248229980469, "Sphingomyelins.0.0": 10.216683387756348, "Apolipoprotein B.0.0": 8.871655464172363, "Apolipoprotein A1.0.0": 8.569330215454102, "Apolipoprotein B to Apolipoprotein A1 ratio.0.0": 7.465054988861084, "Total Fatty Acids.0.0": 8.276471138000488, "Degree of Unsaturation.0.0": 7.501069068908691, "Omega-3 Fatty Acids.0.0": 7.976314067840576, "Omega-6 Fatty Acids.0.0": 9.635696411132812, "Polyunsaturated Fatty Acids.0.0": 8.403066635131836, "Monounsaturated Fatty Acids.0.0": 8.667872428894043, "Saturated Fatty Acids.0.0": 8.713016510009766, "Linoleic Acid.0.0": 9.350424766540527, "Docosahexaenoic Acid.0.0": 8.619969367980957, "Omega-3 Fatty Acids to Total Fatty Acids percentage.0.0": 9.257969856262207, "Omega-6 Fatty Acids to Total Fatty Acids percentage.0.0": 11.076876640319824, "Polyunsaturated Fatty Acids to Total Fatty Acids percentage.0.0": 10.70337200164795, "Monounsaturated Fatty Acids to Total Fatty Acids percentage.0.0": 9.890746116638184, "Saturated Fatty Acids to Total Fatty Acids percentage.0.0": 8.893798828125, "Linoleic Acid to Total Fatty Acids percentage.0.0": 10.027717590332031, "Docosahexaenoic Acid to Total Fatty Acids percentage.0.0": 10.588994979858398, "Polyunsaturated Fatty Acids to Monounsaturated Fatty Acids ratio.0.0": 11.145503997802734, "Omega-6 Fatty Acids to Omega-3 Fatty Acids ratio.0.0": 8.742201805114746, "Alanine.0.0": 8.744697570800781, "Glutamine.0.0": 9.311457633972168, "Glycine.0.0": 8.78441047668457, "Histidine.0.0": 9.678950309753418, "Total Concentration of Branched-Chain Amino Acids (Leucine + Isoleucine + Valine).0.0": 7.963495254516602, "Isoleucine.0.0": 9.35802173614502, "Leucine.0.0": 9.855233192443848, "Valine.0.0": 8.733246803283691, "Phenylalanine.0.0": 8.846156120300293, "Tyrosine.0.0": 8.45480728149414, "Glucose.0.0": 8.372593879699707, "Lactate.0.0": 8.280240058898926, "Pyruvate.0.0": 8.327502250671387, "Citrate.0.0": 10.549613952636719, "3-Hydroxybutyrate.0.0": 8.162811279296875, "Acetate.0.0": 8.138786315917969, "Acetoacetate.0.0": 8.57024097442627, "Acetone.0.0": 7.510713577270508, "Creatinine.0.0": 9.62096881866455, "Albumin.0.0": 8.601295471191406, "Glycoprotein Acetyls.0.0": 9.668899536132812, "Nitrogen dioxide air pollution; 2010.0.0": 10.14828872680664, "Nitrogen oxides air pollution; 2010.0.0": 9.40218448638916, "Particulate matter air pollution (pm10); 2010.0.0": 9.520193099975586, "Particulate matter air pollution (pm2.5); 2010.0.0": 9.77640151977539, "Particulate matter air pollution (pm2.5) absorbance; 2010.0.0": 8.93062686920166, "Particulate matter air pollution 2.5-10um; 2010.0.0": 10.401747703552246, "Inverse distance to the nearest road.0.0": 9.309918403625488, "Inverse distance to the nearest major road.0.0": 8.862027168273926, "Sum of road length of major roads within 100m.0.0": 11.493998527526855, "Nitrogen dioxide air pollution; 2005.0.0": 8.631799697875977, "Nitrogen dioxide air pollution; 2006.0.0": 7.812251567840576, "Nitrogen dioxide air pollution; 2007.0.0": 9.341082572937012, "Particulate matter air pollution (pm10); 2007.0.0": 10.775497436523438, "Average daytime sound level of noise pollution.0.0": 6.764898300170898, "Average evening sound level of noise pollution.0.0": 9.59964656829834, "Average night-time sound level of noise pollution.0.0": 7.113187789916992, "Greenspace percentage, buffer 1000m.0.0": 9.184365272521973, "Domestic garden percentage, buffer 1000m.0.0": 7.990394115447998,