Metric,Value
Accuracy,0.6881868131868132
F1 Score,0.43950617283950616
Precision,0.3991031390134529
Recall,0.489010989010989
Specificity,0.7545787545787546
Sensitivity,0.489010989010989
