{"moderate_phys_act.0.0": -0.000366300366300365, "weekly_usage_phone.0.0": -0.000366300366300365, "cancer by doctor.0.0": -0.00027472527472527375, "Illnesses of father.0.0": -0.0001831501831501825, "Ever smoked.0.0": -0.0001831501831501825, "water_intake.0.0": -0.0001831501831501825, "Ethnic background.0.0": -0.0001831501831501825, "Particulate matter air pollution (pm2.5); 2010.0.0": -9.157509157509125e-05, "Close to major road.0.0": -9.157509157509125e-05, "Sensitivity / hurt feelings.0.0": 0.0, "Illnesses of mother.0.0": 0.0, "computer games.0.0": 0.0, "hearing_difficulties.0.0": 0.0, "vitamins_supplements.0.0": 0.0, "Illnesses of siblings.0.0": 9.157509157509125e-05, "morning_evening person.0.0": 9.157509157509125e-05, "owner_or_rent.0.0": 9.157509157509125e-05, "Current employment status.0.0": 0.00027472527472527375, "vigorous_phys_act.0.0": 0.000366300366300365, "friend_family visits.0.0": 0.000366300366300365, "Blood clot, DVT, bronchitis, emphysema, asthma, rhinitis, eczema, allergy diagnosed by doctor.0.0": 0.00045787545787545625, "Worry too long after embarrassment.0.0": 0.0005494505494505475, "mood swing.0.0": 0.00073260073260073, "freq_work_not_home.0.0": 0.0008241758241758212, "Tense / 'highly strung'.0.0": 0.0010073260073260037, "Sleeplessness / insomnia.0.0": 0.0011904761904761862, "Alcohol drinker status.0.0": 0.0012820512820512775, "Loneliness, isolation.0.0": 0.004761904761904745, "Seen a psychiatrist for nerves, anxiety, tension or depression.0.0": 0.009706959706959672, "Seen doctor (GP) for nerves, anxiety, tension or depression.0.0": 0.024084249084249065}