Metric,Value
Accuracy,0.746276889134032
F1 Score,0.31137724550898205
Precision,0.2708333333333333
Recall,0.36619718309859156
Specificity,0.816873773708306
Sensitivity,0.36619718309859156
