Metric,Value
Accuracy,0.6807692307692308
F1 Score,0.4774818401937046
Precision,0.40409836065573773
Recall,0.5834319526627219
Specificity,0.7132149901380671
Sensitivity,0.5834319526627219
