{"fresh_fruits.0.0": -5.9171597633134176e-05, "Irritability.0.0": -2.2204460492503132e-17, "menopause.0.0": 0.0, "vitamins_supplements.0.0": 0.0, "Nitrogen dioxide air pollution; 2007.0.0": 5.917159763311197e-05, "Particulate matter air pollution 2.5-10um; 2010.0.0": 5.917159763311197e-05, "smokers_in_household.0.0": 5.917159763311197e-05, "Average night-time sound level of noise pollution.0.0": 5.9171597633134176e-05, "home_area_population_density": 5.9171597633134176e-05, "Overall_health_rating": 0.00017751479289935813, "Illnesses of mother.0.0": 0.00017751479289940253, "computer games.0.0": 0.00017751479289940253, "Inverse distance to the nearest road.0.0": 0.00017751479289940253, "Sensitivity / hurt feelings.0.0": 0.0002366863905325145, "Blood clot, DVT, bronchitis, emphysema, asthma, rhinitis, eczema, allergy diagnosed by doctor.0.0": 0.00041420118343193923, "health_score": 0.0004733727810650512, "Guilty feelings.0.0": 0.0004733727810650734, "Nitrogen dioxide air pollution; 2006.0.0": 0.0004733727810650734, "Worrier / anxious feelings.0.0": 0.0007692307692307443, "Particulate matter air pollution (pm10); 2010.0.0": 0.0013609467455621082, "cancer by doctor.0.0": 0.0014201183431952202, "Nervous feelings.0.0": 0.0014792899408283544, "Distance (Euclidean) to coast.0.0": 0.0017751479289940697, "Sleeplessness / insomnia.0.0": 0.0021301775147928304, "Loneliness, isolation.0.0": 0.0026627218934911047, "mood swing.0.0": 0.003727810650887542, "Tense / 'highly strung'.0.0": 0.005502958579881634, "Seen a psychiatrist for nerves, anxiety, tension or depression.0.0": 0.00556213017751479, "Suffer from 'nerves'.0.0": 0.00573964497041417, "Seen doctor (GP) for nerves, anxiety, tension or depression.0.0": 0.017988165680473324}